bookID,title,authors,average_rating,isbn,isbn13,language_code,num_pages,ratings_count,text_reviews_count,publication_date,publisher
1274,Men Are from Mars  Women Are from Venus,John Gray,3.55,0060574216,9780060574215,eng,368,132062,3303,4/3/2012,Harper Paperbacks
45530,Montaillou: Cathars and Catholics in a French Village 1294-1324,Emmanuel Le Roy Ladurie/Barbara Bray,3.96,0140137009,9780140137002,eng,400,80,14,12/5/2002,Penguin
8680,Fierce Invalids Home from Hot Climates,Tom Robbins,4.03,055337933X,9780553379334,en-US,445,24792,1139,5/29/2001,Bantam
31804,Superheroes and Philosophy: Truth  Justice  and the Socratic Way,Tom Morris/William Irwin,3.87,0812695739,9780812695731,en-US,300,754,38,4/20/2005,Open Court
45181,Five Children and It (Five Children #1),E. Nesbit,3.88,0140367357,9780140367355,eng,237,18723,722,12/1/1996,Puffin
2102,Stephen Hawking's Universe,John Boslough,4.02,0380707632,9780380707638,eng,160,674,30,6/1/1989,Avon
38750,The Complete Essays of Mark Twain,Mark Twain/Charles Neider,4.33,0306809575,9780306809576,eng,732,195,15,11/2/2000,Da Capo Press
14680,The Charterhouse of Parma,Stendhal/Richard Howard/Robert Andrew Parker,3.82,0679783180,9780679783183,eng,532,10856,248,9/12/2000,Modern Library
10311,Argumentative Indian: Writings On Indian History Culture And Identity,Amartya Sen,3.8,0713996870,9780713996876,eng,391,29,7,6/28/2005,Allen Lane
17248,Death of a Dreamer (Hamish Macbeth  #22),M.C. Beaton,3.83,0892967897,9780892967896,eng,247,73,12,2/1/2006,Mysterious Press
30039,The Prize (deWarenne Dynasty  #4),Brenda Joyce,3.98,0778320898,9780778320890,eng,575,1604,66,9/24/2004,Mira Books
10204,View with a Grain of Sand: Selected Poems,Wisława Szymborska,4.33,0571191630,9780571191635,eng,214,33,7,10/23/1996,Faber  Faber
20517,Vicars of Christ: A History of the Popes,Charles A. Coulombe,3.94,0806523700,9780806523705,en-US,492,31,2,7/1/2003,Citadel
24613,Candide,Voltaire/Mona Mulhair,3.77,0743280547,9780743280549,fre,286,3,1,10/1/2005,Kaplan
33938,The Wheel of Life: A Memoir of Living and Dying,Elisabeth Kübler-Ross,4.16,0684846314,9780684846316,eng,288,1080,112,6/19/1998,Scribner
10073,A Long Way Down,Nick Hornby,3.42,1594481938,9781594481932,eng,368,65202,3943,5/2/2006,Riverhead Books
6424,Seven Up (Stephanie Plum  #7),Janet Evanovich,4.16,0312980140,9780312980146,en-US,337,103618,1820,6/17/2002,St. Martin's Press
34480,Le chat  son maître et ses deux maîtresses,Jun'ichiro Tanizaki,3.8,2070401677,9782070401673,fre,210,29,2,1/23/1997,Gallimard
32703,The Diary of Ellen Rimbauer: My Life at Rose Red,Joyce Reardon/Steven Rimbauer/Ridley Pearson,3.67,0786890436,9780786890439,eng,277,7852,352,4/29/2001,Hyperion
14905,The Complete Novels,Jane Austen,4.55,0140259449,9780140259445,eng,1344,21633,351,6/17/1996,Penguin
26697,The Philosophy of Antonio Negri  Volume One: Resistance in Practice,Timothy S. Murphy/Abdul-Karim Mustapha,4.12,0745323375,9780745323374,eng,265,8,1,7/20/2005,Pluto Press
23707,Maison Ikkoku  Volume 5 (Maison Ikkoku  #5),Rumiko Takahashi,4.22,1591163196,9781591163190,en-US,208,300,5,6/2/2004,Viz Media
40451,Black Widow: The Things They Say About Her,Richard K. Morgan/Bill Sienkiewicz/Sean Phillips,3.47,0785117687,9780785117681,eng,144,302,33,6/7/2006,Marvel
32125,After the Mourning (Francis Hancock #2),Barbara Nadel,3.42,0755321383,9780755321384,eng,352,104,11,12/28/2006,Headline
42641,Resurrection,Leo Tolstoy/Louise Maude/Aylmer Maude,4.13,0735102864,9780735102866,eng,562,11468,530,2/1/2000,Replica Books
980,Deception Point,Dan Brown,3.71,0593055071,9780593055076,eng,448,61,4,8/1/2005,Bantam Press
35927,Smart Love,Martha Heineman Pieper/William J. Pieper,3.91,1558321829,9781558321823,eng,272,97,10,5/1/2001,Harvard Common Press
39398,The Chase (Deed  #3),Lynsay Sands,4.06,0843953241,9780843953244,eng,374,2098,68,12/1/2004,Leisure Books
19117,Fathers and Sons,Ivan Turgenev/George Reavy/Jane Costlow,3.96,0451529693,9780451529695,eng,244,49911,1127,2/1/2005,Signet Book
30626,Letters to Children,C.S. Lewis/Lyle Wesley Dorsett/Marjorie Lamp Mead/Douglas Gresham,4.19,0805420436,9780805420432,eng,128,1634,134,3/31/1999,B&H Publishing Group
39357,Bride & Groom (A Dog Lover's Mystery  #16),Susan Conant/Maxwell Award,3.78,0425200744,9780425200742,eng,262,263,19,1/4/2005,Berkley
12424,Safe Conduct: An Autobiography and Other Writings,Boris Pasternak/B. Deutsch,3.82,081120135X,9780811201353,eng,256,83,8,4/14/2009,New Directions
35329,The Body Remembers: The Psychophysiology of Trauma and Trauma Treatment,Babette Rothschild,4.27,0393703274,9780393703276,eng,208,1506,45,10/17/2000,W. W. Norton  Company
11705,Selected Poems,Octavio Paz/Eliot Weinberger/Charles Tomlinson/William Carlos Williams/Monique Fong Wust/G. Aroul/Elizabeth Bishop/Paul Blackburn/Lysander Kemp/Denise Levertov/Muriel Rukeyser/Mark Strand,4.21,0811208990,9780811208994,eng,160,373,18,9/17/1984,New Directions
24888,The Boy Who Couldn't Die,William Sleator,3.68,0810987902,9780810987906,eng,161,1683,247,4/1/2005,Harry N. Abrams
35289,The 33 Strategies of War,Robert Greene/Joost Elffers,4.3,0670034576,9780670034574,en-US,496,8005,383,1/19/2006,Viking
20179,A Higher Justice (The Trials of Kit Shannon #5),James Scott Bell,4.26,0764226460,9780764226465,eng,303,175,18,9/1/2003,Bethany House Publishers
9073,See No Evil: The True Story of a Ground Soldier in the CIA's War on Terrorism,Robert B. Baer,3.93,140004684X,9781400046843,eng,320,4040,259,1/7/2003,Broadway Books
31763,Zur Genealogie der Moral,Friedrich Nietzsche,4.11,3150071232,9783150071236,ger,187,103,4,1/31/1998,Reclam
11130,The Chronicles of Narnia CD Box Set,C.S. Lewis/Kenneth Branagh,4.26,0694524751,9780694524754,eng,31,202,24,10/26/2004,HarperFestival
41851,Rock Star Superstar,Blake Nelson,3.61,0142405744,9780142405741,en-US,229,310,34,4/6/2006,Speak
4966,The Wonder Years: Helping Your Baby and Young Child Successfully Negotiate the Major Developmental Milestones,Tanya Remer Altmann/American Academy of Pediatrics,3.51,0553804766,9780553804768,en-US,224,55,9,9/26/2006,Bantam Books
6422,Four to Score (Stephanie Plum  #4),Janet Evanovich,4.17,0312966970,9780312966973,eng,313,117541,2502,6/15/1999,St. Martin's Press
13064,Tourist Season,Carl Hiaasen,3.94,0446695718,9780446695718,eng,404,15459,669,5/9/2005,Warner Books (NY)
33174,Cliffs Notes on Hugo's Les Miserables,Amy L. Marsland,3.76,0822007355,9780822007357,en-GB,120,21,4,11/1/1968,Cliffs Notes
24374,Harper Lee's To Kill a Mockingbird (Bloom's Guides),Harold Bloom/Harper Lee,4.41,0791077640,9780791077641,eng,98,4687,19,6/30/2004,Chelsea House Publications
23242,The Good Ghouls' Guide to Getting Even (Beth Frasier #1),Julie Kenner,3.59,0425213919,9780425213919,eng,256,901,73,4/3/2007,Berkley Trade
655,The Death of Ivan Ilych And Other Stories,Leo Tolstoy/Hugh McLean,4.11,0451528808,9780451528803,eng,304,7300,266,4/1/2003,Signet Classics
43620,The Gunslinger,Mary McBride,4.1,0373288565,9780373288564,eng,304,17,2,12/23/1994,Harlequin Historical
3595,The Mysteries of Sherlock Holmes,Arthur Conan Doyle/Paul Bachem,4.18,0448409577,9780448409573,eng,218,119,8,10/15/1996,Grosset & Dunlap
40609,La fortaleza digital,Dan Brown/Eduardo García Murillo,3.65,8489367019,9788489367012,spa,440,1078,76,2/1/2006,Umbriel
5135,Point Counter Point,Aldous Huxley,3.86,1564781313,9781564781314,eng,432,9522,210,10/1/1996,Dalkey Archive Press
19396,The Picture of Dorian Gray,Oscar Wilde/Andrew Elfenbein,4.08,0321427130,9780321427137,eng,352,123,10,10/1/2006,Pearson
9409,The Sari Shop,Rupa Bajwa,3.44,039332690X,9780393326901,eng,224,1858,153,6/17/2005,W. W. Norton  Company
16376,Full Moon (Blandings Castle  #7),P.G. Wodehouse,4.17,1585678368,9781585678365,eng,272,1860,131,11/23/2006,Harry N. Abrams
13622,Death Note  Vol. 9: Contact (Death Note  #9),Tsugumi Ohba/Takeshi Obata/Tetsuichiro Miyaki,4.21,1421506300,9781421506302,eng,193,13472,363,1/2/2007,VIZ Media LLC
5518,Cliffs Notes on Hansberry's A Raisin in the Sun,Rosetta James,3.9,0822011085,9780822011088,en-GB,80,10,2,8/15/1992,Cliffs Notes
30587,Inconceivable: A Woman's Triumph Over Despair and Statistics,Julia Indichova/Christiane Northrup,3.83,0767908201,9780767908207,eng,224,170,25,10/9/2001,Harmony
30354,A Secret Splendor,Erin St. Claire/Sandra Brown,3.66,077832284X,9780778322849,eng,280,1328,32,2/28/2006,Mira Books
37534,The Weimar Republic: The Crisis of Classical Modernity,Detlev J.K. Peukert/Richard Deveson,3.84,0809015560,9780809015566,eng,360,198,11,9/1/1993,Hill and Wang
19712,John Deere Farm Tractors: A History of the John Deere Tractor,Randy Leffingwell,4.22,0879387556,9780879387556,eng,192,22,1,9/1/1993,Motorbooks International
4591,Genome: the Autobiography of a Species in 23 Chapters,Matt Ridley,4.04,0060894083,9780060894085,eng,344,20695,714,5/30/2006,Harper Perennial
5412,The Stand: Das letzte Gefecht,Stephen King/Joachim Körber,4.34,3404134117,9783404134113,ger,1227,256,16,9/1/2003,Bastei Lübbe
11655,The Counterlife,Philip Roth,3.91,0679749047,9780679749042,eng,336,3192,195,8/6/1996,Vintage
1328,Phaedrus,Plato/C.J. Rowe,3.92,0140449744,9780140449747,eng,176,236,22,8/25/2005,Penguin Classics
31833,Star Wars and Philosophy: More Powerful than You Can Possibly Imagine,Kevin S. Decker/Jason T. Eberl/William Irwin/George Lucas/William O. Stephens/Walter Ritoku Robinson/Richard H. Dees/Judith A. Barad/Elizabeth F. Cooke/Richard Hanley/Jerold J. Abrams/Robert Arp/Jan-Erik Jones,4.05,0812695836,9780812695830,eng,227,1774,35,3/23/2005,Open Court
12528,An American Childhood,Annie Dillard,3.91,0060915188,9780060915186,eng,255,7102,604,10/15/2013,Harper Perennial
10029,The Philosophy of Jean-Paul Sartre,Jean-Paul Sartre,3.89,1400076323,9781400076321,eng,512,190,8,5/27/2003,Vintage
15598,Heart & Hands: A Midwife's Guide to Pregnancy & Birth,Elizabeth  Davis/Suzanne Arms,4.37,1587612216,9781587612213,eng,312,875,43,11/1/2004,Celestial Arts
3801,China Court: The Hours of a Country House,Rumer Godden,3.97,0688117228,9780688117221,eng,358,516,77,12/31/1993,William Morrow & Company
12249,The New Testament,Richmond Lattimore,4.32,0865475245,9780865475243,eng,608,109,23,10/30/1997,North Point Press
18016,Mulliner Nights (Mr. Mulliner  #3),P.G. Wodehouse,4.11,1400079616,9781400079612,eng,240,1174,75,4/12/2005,Vintage
41089,Modern Classics of Science Fiction,Gardner Dozois/Damon Knight/R.A. Lafferty/Samuel R. Delany/Brian W. Aldiss/Gene Wolfe/Joanna Russ/James Tiptree Jr./Ursula K. Le Guin/Edward Bryant/Howard Waldrop/Jack Dann/L. Sprague de Camp/Lucius Shepard/Pat Cadigan/John Kessel/William Gibson/Connie Willis/Michael Swanwick/Bruce Sterling/Theodore Sturgeon/Richard McKenna/Cordwainer Smith/Jack Vance/Edgar Pangborn/Keith Roberts/Roger Zelazny,4.17,0312088477,9780312088477,eng,672,91,6,1/15/1993,St. Martin's Griffin
28416,The Conquest of Plassans (Les Rougon-Macquart  #4),Émile Zola/Ernest Alfred Vizetelly,3.9,1595690484,9781595690487,fre,320,50,9,11/7/2005,MONDIAL
22284,Diary,Chuck Palahniuk,3.61,1400032814,9781400032815,eng,262,65139,2120,9/14/2004,Anchor
12419,A Calendar of Wisdom: Daily Thoughts to Nourish the Soul,Leo Tolstoy/Peter Sekirin,4.07,0684837935,9780684837932,eng,384,502,43,10/14/1997,Scribner
26229,Robert Van Gulik: His Life His Work,Janwillem van de Wetering/Arthur P. Yin,3.57,156947124X,9781569471241,eng,149,39,5,7/1/1998,Soho Press
31260,The Sigma Protocol,Robert Ludlum,3.8,0312982518,9780312982515,eng,662,9567,252,10/13/2002,St. Martin's Paperbacks
16734,Der Gesang Des Meeres. Beach Music,Pat Conroy,4.15,340412801X,9783404128013,ger,894,7,2,4/1/1998,Lübbe
826,The Big U,Neal Stephenson,3.25,0380816032,9780380816033,en-US,308,4657,223,2/6/2001,William Morrow Paperbacks
37187,The Tiger Rising,Kate DiCamillo,3.82,0763618985,9780763618988,eng,128,19133,2279,7/1/2002,Candlewick Press
37734,Wifey / Smart Women,Judy Blume,3.68,0743437578,9780743437578,eng,560,376,20,10/2/2001,Pocket Books
11648,Everyman,Philip Roth,3.58,061873516X,9780618735167,en-US,182,821,131,5/9/2006,Houghton Mifflin
43641,Water for Elephants,Sara Gruen,4.09,1565125606,9781565125605,eng,335,1260027,52759,5/1/2007,Algonquin Books
37954,The Last Dance (87th Precinct  #50),Ed McBain,3.69,0671025708,9780671025700,eng,336,752,57,12/1/2000,Pocket Books
31784,Nietzche and Philosophy,Gilles Deleuze/Michael Hardt,4.17,0231138768,9780231138765,eng,256,50,1,5/16/2006,Columbia University Press
13033,The Alexandria Quartet  (The Alexandria Quartet #1-4),Lawrence Durrell,4.17,0140153179,9780140153170,eng,884,10050,294,12/1/1991,Penguin Books
11697,Granta 85: Hidden Histories,Ian Jack,3.83,1929001150,9781929001156,eng,254,34,4,5/7/2004,Grove Press  Granta
13965,King Solomon's Ring,Konrad Lorenz/Marjorie Kerr Wilson,4.23,0415267471,9780415267472,eng,192,1509,80,8/11/2002,Routledge
41885,Sense and Sensibility,Jane Austen,4.07,1593081251,9781593081256,eng,325,1278,153,7/25/2004,Barnes & Noble
26638,Kokopelli: The Magic  Mirth  and Mischief of an Ancient Symbol,Dennis Slifer/R. Carlos Nakai,3.69,1423601742,9781423601746,eng,240,19,4,4/5/2007,Gibbs Smith
33292,How to Win Friends and Influence People for Teen Girls,Donna Dale Carnegie,3.96,0743272773,9780743272773,eng,208,428,44,6/2/2005,Simon  Schuster
11605,Riding the Bullet,Stephen King/Josh Hamilton,3.63,0743525876,9780743525879,eng,66,11649,270,5/1/2002,Simon  Schuster Audio
7244,The Poisonwood Bible,Barbara Kingsolver,4.06,0060786507,9780060786502,eng,546,613758,19846,7/5/2005,Harper Perennial Modern Classics
29019,The Twelve Terrors of Christmas,John Updike/Edward Gorey,4.23,0764937103,9780764937101,eng,32,2552,103,5/1/2006,Pomegranate Communications
5062,Jackdaws,Ken Follett,3.97,0451219597,9780451219596,eng,416,20892,953,12/5/2006,NAL
22966,Lidia's Family Table,Lidia Matticchio Bastianich/David Nussbaum/Christopher Hirsheimer,4.22,1400040353,9781400040353,eng,448,532,23,11/23/2004,Knopf Publishing Group
18753,The World's Last Night: And Other Essays,C.S. Lewis,4.18,0156027712,9780156027717,en-GB,132,1097,117,11/4/2002,Mariner Books
6340,Homeric Moments: Clues to Delight in Reading the Odyssey and the Iliad,Eva Brann,4.3,0967967570,9780967967578,eng,326,118,13,9/1/2002,Paul Dry Books
27333,Silent Spring,Rachel Carson/Linda Lear/Edward O. Wilson,3.97,0618249060,9780618249060,eng,378,30281,1694,10/22/2002,Mariner Books
30262,The Good  the Bad  and the Undead (The Hollows  #2),Kim Harrison,4.26,0060572973,9780060572976,eng,453,54083,1602,1/25/2005,HarperTorch
2388,Moby-Dick,Jan Needle/Patrick Benson/Herman Melville,3.71,0763630187,9780763630188,eng,192,161,16,9/12/2006,Candlewick Press
18956,Homicide: A Year on the Killing Streets,David Simon,4.38,0805080759,9780805080759,eng,646,12071,837,8/22/2006,Holt McDougal
10792,The Sword of Straw (The Sangreal Trilogy  #2),Amanda Hemingway,3.81,0345460804,9780345460806,eng,336,138,8,3/28/2006,Del Rey
32588,Victoria,Knut Hamsun/Oliver Stallybrass,3.74,1557131775,9781557131775,eng,155,47,7,10/1/1994,Sun & Moon Press
38333,Black Hole,Charles Burns,3.84,037542380X,9780375423802,eng,368,38261,2037,10/18/2005,Pantheon
9838,The Bookseller of Kabul,Åsne Seierstad/Ingrid Christopherson,3.77,0316159417,9780316159418,en-US,288,34941,2473,10/26/2004,Little  Brown and Company
40005,Hannibal's Children,John Maddox Roberts,3.68,0441010385,9780441010387,eng,359,204,18,3/25/2003,Berkley Publishing Group
3967,La Chute d'Hypérion II,Dan Simmons/Guy Abadia,4.2,2266111574,9782266111577,fre,347,21,1,12/26/2000,Pocket
26051,True Betrayals / Montana Sky / Sanctuary,Nora Roberts,4.4,0399147314,9780399147319,eng,852,667,5,6/4/2001,Putnam Adult
22541,Just Visiting This Planet: Merlin Answers More Questions about Everything Under the Sun  Moon  and Stars,Neil deGrasse Tyson/Stephen Tyson,4.17,0385488378,9780385488372,eng,352,86,4,7/13/1998,Main Street Books
9030,The Devil in the White City: Murder  Magic and Madness at the Fair that Changed America,Erik Larson,3.99,0553813536,9780553813531,eng,496,1278,207,4/1/2004,Bantam Press
12586,The Eye of the Story: Selected Essays and Reviews,Eudora Welty,4.06,0679730044,9780679730040,eng,368,102,11,8/29/1990,Vintage
36317,The Transition of H. P. Lovecraft: The Road to Madness,H.P. Lovecraft/Barbara Hambly,4.3,0345384229,9780345384225,eng,379,9518,93,10/1/1996,Del Rey
27689,Mary Stewart's Merlin Trilogy (Arthurian Saga  #1-3),Mary  Stewart,4.39,0688003478,9780688003470,eng,928,4146,175,9/7/2004,Harper Voyager
42741,Yeats Is Dead,Roddy Doyle/Frank McCourt/Conor McPherson/Gene Kerrigan/Gina Moxley/Marian Keyes/Pauline McLynn/Tom Humphries/Joseph O'Connor/Anthony Cronin/Owen O'Neill/Hugo Hamilton/Charlie O'Neill/Gerard Stembridge/Donal O'Kelly,3.4,0099422344,9780099422341,eng,298,34,4,6/6/2002,Vintage
935,Geisha of Gion,Mineko Iwasaki/Rande Brown,3.93,074343059X,9780743430593,eng,334,1556,158,5/6/2003,Pocket Books
15195,The Complete Maus,Art Spiegelman,4.55,0141014083,9780141014081,eng,296,111475,5966,10/2/2003,Penguin Books
39418,Standard Catalog of Smith & Wesson,Jim Supica/Richard Nahas,4.44,089689293X,9780896892934,en-US,432,38,1,1/1/2007,Gun Digest Books
19078,Madame Bovary (Critical Editions),Gustave Flaubert/Margaret Cohen/Eleanor Marx,3.67,0393979172,9780393979176,en-US,576,401,33,12/19/2004,W.W. Norton & Company
30244,The Killing Dance (Anita Blake  Vampire Hunter  #6),Laurell K. Hamilton,4.13,0425209067,9780425209066,en-US,368,59524,946,4/4/2006,Berkley Hardcover
1439,Hamlet's Mill: An Essay Investigating the Origins of Human Knowledge and Its Transmission Through Myth,Giorgio De Santillana/Hertha Von Dechend,4.29,0879232153,9780879232153,eng,450,489,57,3/24/2015,Nonpareil Books
18757,Last Night: Stories,James Salter,3.9,1400078415,9781400078417,eng,132,1825,186,3/14/2006,Vintage
22408,Invisible Residents: The Reality of Underwater UFOs,Ivan T. Sanderson/David Hatcher Childress,3.73,1931882207,9781931882200,en-US,100,62,7,9/15/2005,Adventures Unlimited Press
28239,Dark Star Safari: Overland from Cairo to Cape Town,Paul Theroux,3.96,0618446877,9780618446872,eng,485,11216,724,4/5/2004,Mariner Books
3529,The World's First Love: Mary  Mother of God,Fulton J. Sheen,4.59,0898705975,8987059752,en-US,276,641,63,9/1/1996,Ignatius Press
7197,The Knight of Maison-Rouge,Alexandre Dumas/Julie Rose/Lorenzo Carcaterra,3.89,0812969634,9780812969634,eng,448,1172,70,9/14/2004,Modern Library
23717,Rumic World Trilogy  Volume 3 (Rumic World Trilogy  #3),Rumiko Takahashi,3.88,1569312060,9781569312063,eng,192,69,1,11/5/1997,Viz Media
292,Sand and Foam,Kahlil Gibran/جبران خليل جبران,4.08,067943920X,9780679439202,eng,100,3015,217,6/14/2011,Knopf
7579,Awakening the Buddha Within: Eight Steps to Enlightenment,Surya  Das,4.19,0767901576,9780767901574,en-US,432,12034,285,6/15/1998,Harmony
32807,Trojan Odyssey (Dirk Pitt  #17),Clive Cussler,3.94,0425199320,9780425199329,eng,463,15118,318,12/1/2004,G.P. Putnam's Sons
42899,Dark Lover (Black Dagger Brotherhood  #1),J.R. Ward,4.2,0451216954,9780451216953,eng,393,259511,10475,9/6/2005,Penguin Group (USA)
35451,The Wildlife of Star Wars,Terryl Whitlatch/Bob Carrau,4.42,0811828697,9780811828697,eng,173,417,27,9/1/2001,Chronicle Books
2373,The Bone Collector (Lincoln Rhyme  #1),Jeffery Deaver,4.19,0451188454,9780451188458,eng,528,140014,1753,4/1/1998,Signet Book
17230,Sirens and Sea Monsters (Tales from the Odyssey #3),Mary Pope Osborne/Homer/Troy Howell,4.04,0786809302,9780786809301,en-US,112,371,22,8/18/2003,Disney-Hyperion
7797,Ten Apples Up On Top!,Theo LeSieg/Dr. Seuss/Roy McKie,4.12,0007169973,9780007169979,eng,62,31251,494,8/4/2003,HarperCollinsChildren’sBooks
42802,First  Last and Always (Sweet Dreams  #96),Barbara Conklin,3.76,0553251791,9780553251791,eng,160,65,2,9/1/1985,Bantam Books
29404,Your Child and Jesus: A Family Activity Book,Rick Osborne/Kevin Miller,0.0,080242855X,9780802428554,eng,112,0,0,9/13/1999,Moody Publishers
23439,Die Farbe von Wasser,James   McBride,4.09,342661278X,9783426612781,ger,317,38,1,2/1/2001,Droemer Knaur
30965,Grand Theft Auto: San Andreas Official Strategy Guide,Rick Barba,4.04,0744004292,9780744004298,eng,272,73,5,10/25/2004,BradyGames
9349,The Real Jimmy Carter: How Our Worst Ex-President Undermines American Foreign Policy  Coddles Dictators and Created the Party of Clinton and Kerry,Steven F. Hayward,3.32,0895260905,9780895260901,eng,272,33,4,3/19/2004,Regnery Publishing
15783,The Sideways Guide to Wine and Life,Alexander Payne/Jim     Taylor,4.38,1557046867,9781557046864,eng,64,8,0,5/25/2005,Newmarket Press
31582,The Selected Poems of Federico García Lorca,Federico García Lorca,4.32,0811200914,9780811200912,mul,180,236,23,6/1/1955,New Directions Publishing Corporation
37238,In the Land of the Lawn Weenies and Other Warped and Creepy Tales (Weenies series  #1),David Lubar,3.96,0765345706,9780765345707,en-US,256,720,69,6/16/2003,Starscape
26586,The Land of the Dead (Tales from the Odyssey  #2),Mary Pope Osborne/Homer/Troy Howell,3.97,0786809299,9780786809295,eng,112,400,32,9/1/2003,Little  Brown Books for Young Readers
7609,Nacho and Lolita,Pam Muñoz Ryan/Claudia Rueda,3.97,0439269687,9780439269681,eng,40,34,5,10/1/2005,Scholastic Press
1852,The Call of the Wild,Jack London/Avi,3.86,0439227143,9780439227148,eng,172,274649,7203,1/1/2001,Scholastic
28796,The Song of Rhiannon,Evangeline Walton,4.02,0020264739,9780020264736,eng,208,255,12,9/1/1992,Collier Books
11226,One Flew over the Cuckoo's Nest,Ken Kesey,4.2,0451143426,9780451143426,eng,272,67,5,2/1/1963,Signet
6668,The Enormous Crocodile,Roald Dahl/Quentin Blake,3.78,0142302457,9780142302453,eng,32,13986,525,3/24/2003,Puffin
37625,Wide Sargasso Sea: A Reader's Guide to Essential Criticism,Carl Plasa,3.63,184046268X,9781840462685,eng,194,166,10,9/6/2002,Palgrave Macmillan
21932,Hot Springs (Earl Swagger  #1),Stephen Hunter/Jay O. Sanders,4.13,0743500261,9780743500265,eng,0,3,0,6/1/2000,Simon & Schuster Audio
17550,Moods,Louisa May Alcott,3.4,0813516706,9780813516707,eng,538,314,48,1/1/1991,Rutgers University Press
31100,To Have and to Hold,Jane Green,3.63,0767912276,9780767912273,eng,352,22864,445,3/1/2005,Broadway Books
11000,Eight Mindful Steps to Happiness: Walking the Buddha's Path,Henepola Gunaratana,4.3,0861711769,9780861711765,eng,288,1103,50,6/15/2001,Wisdom Publications
13650,The Wave in the Mind: Talks and Essays on the Writer  the Reader and the Imagination,Ursula K. Le Guin,4.3,1590300068,9781590300060,eng,314,1044,164,2/17/2004,Shambhala
34662,Shattered Air: A True Account of Catastrophe and Courage on Yosemite's Half Dome,Bob Madgic/William L. Crary/Adrian Esteban,3.77,1580801420,9781580801423,en-US,264,501,76,2/6/2007,Burford Books
7531,The Idiot Girls' Action-Adventure Club: True Tales from a Magnificent and Clumsy Life,Laurie Notaro,3.88,0375760911,9780375760914,en-GB,225,16133,1099,7/2/2002,Villard
7958,Sarah (Women of Genesis  #1),Orson Scott Card,3.88,0765341174,9780765341174,eng,341,9828,1004,9/17/2001,Forge
11519,Les Fils des ténèbres,Dan Simmons,3.71,2226074740,9782226074744,fre,464,6,0,10/1/1994,Albin Michel
18671,The Botany of Desire: A Plant's Eye View of the World,Michael Pollan,4.06,0747563004,9780747563006,en-US,291,110,11,3/1/2006,Bloomsbury Publishing PLC
19181,Beowulf: A New Telling,Robert Nye,3.5,0440905605,9780440905608,eng,94,1690,326,3/15/1982,Dell
37516,Spinoza: A Life,Steven Nadler,4.1,0521002931,9780521002936,eng,422,234,23,4/23/2001,Cambridge University Press
18029,Ring for Jeeves (Jeeves  #10),P.G. Wodehouse,4.01,1585675245,9781585675241,eng,208,2785,183,4/12/2004,Harry N. Abrams
43796,The Vampire Companion,Katherine Ramsland/Anne Rice,3.94,0345397398,9780345397393,en-US,608,4829,25,8/1/1995,Ballantine Books
27988,Citizen X: Killer Department,Robert Cullen,4.01,0804111642,9780804111645,eng,258,94,10,10/4/1993,Ivy Books
29153,Yakitate!! Japan  Volume 4,Takashi Hashiguchi,4.0,1421509210,9781421509211,en-US,208,274,8,3/13/2007,VIZ Media LLC
6157,The Search for the Beloved: Journeys in Mythology and Sacred Psychology (Inner Workbook),Jean Houston,3.95,0874778719,9780874778717,en-US,272,18,2,6/30/1997,TarcherPerigee
32501,Echo Park (Harry Bosch  #12; Harry Bosch Universe  #16),Michael Connelly,4.12,0316734950,9780316734950,eng,405,36333,1511,10/9/2006,Little  Brown & Company
24300,Poppy,Avi,3.96,0689837186,9780689837180,eng,163,6894,501,5/3/2005,Scholastic
30288,Laurell K. Hamilton's Anita Blake  Vampire Hunter: Guilty Pleasures vol 1,Laurell K. Hamilton/Stacie Ritchie/Jessica Ruffner/Brett Booth,4.17,0785127232,9780785127239,eng,168,7302,250,7/18/2007,Marvel
42758,The Fantastic Vampire: Studies in the Children of the Night: Selected Essays from the Eighteenth International Conference on the Fantastic in the Arts,James Craig Holte,0.0,0313309337,9780313309335,eng,176,0,0,3/30/2002,Greenwood Press
38874,The Sling and the Stone: On War in the 21st Century,Thomas X. Hammes,3.89,0760324077,9780760324073,eng,336,698,36,2/17/2006,Zenith Press
9844,Prep : A Novel,Curtis Sittenfeld,3.38,081297235X,9780812972351,eng,420,55304,4450,11/22/2005,Random House Trade Paperbacks
32075,The Woman Who Rode Away and Other Stories,D.H. Lawrence/Christa Jansohn,3.49,0521294304,9780521294300,eng,556,27,1,8/8/2002,Cambridge University Press
41329,The Red Tent,Anita Diamant,4.17,0312427298,9780312427290,en-US,321,5390,614,8/21/2007,Picador
5337,Little Dorrit,Charles Dickens/Hablot Knight Browne/David Gates,3.99,037575914X,9780375759147,eng,1347,291,33,3/12/2002,Modern Library
23643,Faërie,J.R.R. Tolkien/Francis Ledoux,3.54,2266102710,9782266102711,fre,217,89,2,11/20/2003,Pocket
40536,The Complete Idiot's Guide to Business Plans,Gwen Moran,3.32,1592574009,9781592574001,eng,314,16,4,10/4/2005,Alpha Books
17918,Plays 1: The Real Inspector Hound / After Magritte / Dirty Linen / New-Found-Land / Dogg's Hamlet  Cahoot's Macbeth,Tom Stoppard,4.03,0571177654,9780571177653,eng,211,78,13,4/15/1996,Faber & Faber
16968,Lützen 1632 : climax of the Thirty Years war,Richard Brzezinski/Graham Turner,3.56,1855325527,9781855325524,eng,96,15,1,2/25/2001,Osprey Publishing
11225,One Flew Over the Cuckoo's Nest,Ken Kesey,4.2,0451137094,9780451137098,eng,272,1120,104,2/1/1963,Signet
43324,Are You Afraid of the Dark?,Sidney Sheldon,3.66,0007165161,9780007165162,eng,401,23924,681,7/1/2005,HarperCollins Publishers
31185,Inside the Mind of Gideon Rayburn (Midvale Academy  #1),Sarah Miller,3.39,0312333757,9780312333751,eng,289,1072,90,5/2/2006,St. Martin's Griffin
24813,The Calvin and Hobbes Tenth Anniversary Book,Bill Watterson,4.63,0836204387,9780836204384,eng,208,49122,368,9/5/1995,Andrews McMeel Publishing
4633,Islands in the Stream,Ernest Hemingway,3.88,0743253426,9780743253420,eng,448,11265,471,7/22/2003,Scribner
182,Literature Circle Guide: A Wrinkle in Time,Tara MacCarthy,3.6,043927169X,9780439271691,eng,32,15,0,1/1/2002,Teaching Resources
45207,The Law and the Lady,Wilkie Collins/David Skilton,3.8,0140436073,9780140436075,en-GB,383,120,15,9/24/1998,Penguin Classics
10089,Mary  Queen of Scots: Queen Without a Country,Kathryn Lasky,3.83,0439194040,9780439194044,eng,202,4825,148,5/1/2002,Scholastic
9585,Halbschlaf im Froschpyjama,Tom Robbins/Pociao/Walter Hartmann,3.74,3499224429,9783499224423,ger,459,22,2,11/2/1998,Rowohlt Verlag
27306,Islam: A Short History,Karen Armstrong,4.02,081296618X,9780812966183,eng,230,7660,448,8/6/2002,Modern Library
3418,On  Off (Carmine Delmonico  #1),Colleen McCullough,3.52,0743286421,9780743286428,eng,372,1182,175,5/23/2006,Simon & Schuster
3040,Black Rednecks and White Liberals,Thomas Sowell,4.38,1594030863,9781594030864,eng,372,2579,301,6/1/2005,Encounter Books
44816,Serious Girls,Maxine Swann,3.2,0312288018,9780312288013,eng,240,207,28,12/1/2004,Picador USA
29474,You Remind Me of You: A Poetry Memoir,Eireann Corrigan,3.95,0439297710,9780439297714,eng,128,993,106,2/1/2002,Push
6174,Survival in Auschwitz,Primo Levi/Stuart J. Woolf/Philip Roth,4.32,0684826801,9780684826806,eng,187,29099,900,9/1/1995,Simon  Schuster
133,eBay for Dummies,Marsha Collier,3.5,0470045299,9780470045299,eng,386,111,9,10/30/2006,Wiley
18064,The World of Mr. Mulliner,P.G. Wodehouse,4.32,0140281703,9780140281705,eng,624,345,30,7/29/1999,Penguin Books Ltd
39093,The Making of the Fittest: DNA and the Ultimate Forensic Record of Evolution,Sean B. Carroll/Jamie W. Carroll/Leanne M. Olds,4.07,0393061639,9780393061635,eng,304,2611,105,10/17/2006,W. W. Norton  Company
33668,4th of July (Women's Murder Club  #4),James Patterson/Maxine Paetro,4.07,0446613363,9780446613361,eng,448,62523,1674,6/1/2006,Vision
4935,The Brothers Karamazov,Fyodor Dostoyevsky/David McDuff,4.32,0140449248,9780140449242,eng,1013,1673,184,2/27/2003,Penguin Books Ltd
29580,Second Foundation (Foundation #3),Isaac Asimov,4.26,0553803735,9780553803730,eng,256,119224,1708,6/1/2004,Bantam Spectra
35552,A Hard Day's Write: The Stories Behind Every Beatles Song,Steve Turner,4.18,0060844094,9780060844097,eng,224,156,10,10/18/2005,It Books
32530,The Third Victim (Quincy & Rainie  #2),Lisa Gardner,4.16,0553578685,9780553578683,eng,384,24599,518,1/30/2001,Bantam
42417,Right Stuff  Wrong Sex: America's First Women in Space Program,Margaret A. Weitekamp,3.82,0801883946,9780801883941,eng,256,36,9,10/26/2005,Johns Hopkins University Press
24729,After the Plague: and Other Stories,T. Coraghessan Boyle,3.86,0142001414,9780142001417,eng,303,1253,108,12/31/2002,Penguin Books
1441,On Justice  Power and Human Nature: Selections from The History of the Peloponnesian War,Thucydides/Paul Woodruff,3.72,0872201686,9780872201682,eng,172,610,15,10/1/1993,Hackett Publishing Company  Inc.
22235,Stargirl LitPlans on CD,Mary B. Collins,4.86,158337292X,9781583372920,eng,210,5,0,9/15/2005,Teacher's Pet Publications
31016,El diablo de la botella,Robert Louis Stevenson/Diana Castellanos/Eleonora Garcia Larralde,3.74,9580408556,9789580408550,spa,77,34,2,7/15/2018,Grupo Editorial Norma  S.A.
21710,Corroborating Evidence: The Black Dahlia Murder,William T. Rasmussen,3.39,0865344922,9780865344921,eng,234,12,1,10/30/2005,Sunstone Press
11439,All of Us: The Collected Poems,Raymond Carver,4.3,0375703802,9780375703805,eng,416,1651,107,4/4/2000,Vintage
25996,The Mother,Pearl S. Buck,4.04,1559210915,9781559210911,eng,304,1783,93,1/1/2004,Moyer Bell and its subsidiaries
31856,Philosophy in the Flesh: The Embodied Mind and its Challenge to Western Thought,George Lakoff/Mark  Johnson,4.07,0465056741,9780465056743,eng,640,1145,56,10/8/1999,Basic Books
3636,The Giver (The Giver  #1),Lois Lowry,4.13,0385732554,9780385732550,eng,208,1585589,56604,1/24/2006,Ember
8741,The Last Temptation (Tony Hill & Carol Jordan  #3),Val McDermid,4.01,0312936915,9780312936914,eng,496,4991,271,3/1/2005,St. Martin's Paperbacks
39317,Amanda's Unlucky Day (Junior Gymnasts  #6),Teddy Slater/Wayne Alfano,3.5,0590959883,9780590959889,eng,78,6,1,12/31/1997,Apple
43582,David Boring,Daniel Clowes,3.81,1594971226,9781594971228,spa,128,71,2,5/25/2005,Public Square Books
23002,Three Farmers on Their Way to a Dance,Richard Powers,3.82,0060975091,9780060975098,eng,352,742,49,12/1/1994,Harper Perennial
8860,Cliffs Notes on Shakespeare's Macbeth,Alex Went,3.59,0764586025,9780764586026,en-US,112,25,2,5/30/2000,Cliffs Notes
10156,The Last of Her Kind,Sigrid Nunez,3.72,0312425945,9780312425944,eng,391,1459,242,12/12/2006,Picador USA
5794,El Aleph,Jorge Luis Borges,4.38,9500425998,9789500425995,spa,253,146,9,9/1/2007,Planeta Publishing
18353,Anaïs Nin: A Biography,Deirdre Bair,3.99,0140255257,9780140255256,eng,672,632,37,7/1/1996,Penguin Books
32438,Shattered,Dean Koontz,3.9,0425099334,9780425099339,eng,289,19637,228,2/15/1985,Berkley
9864,The Ground Beneath Her Feet,Salman Rushdie,3.79,0312254997,9780312254995,eng,576,9445,476,3/16/2000,Picador
2978,Lost Horizon,James Hilton,3.92,0060594527,9780060594527,eng,241,11892,955,6/15/2004,Harper Perennial
8715,Palimpsest,Gore Vidal,3.99,0140260897,9780140260892,en-US,448,1485,94,9/1/1996,Penguin Books
39505,The Burglar Who Painted Like Mondrian (Bernie Rhodenbarr  #5),Lawrence Block,3.88,0060731435,9780060731434,eng,311,2063,103,7/26/2005,HarperTorch
25449,The Cave,Robert Penn Warren/James H. Justus/Xavier Pàmies,3.73,0813191556,9780813191553,eng,424,95,16,2/24/2006,University Press of Kentucky
29873,This Is New York,Miroslav Sasek,4.29,0789308843,9780789308849,en-GB,64,385,38,5/30/2003,Universe
7400,The Baby Emergency (Tennengarrah Clinic #1),Carol Marinelli,3.6,0263181499,9780263181494,eng,285,0,0,6/1/2004,Mills & Boon
6332,Dirty Beasts,Roald Dahl/Quentin Blake,4.01,0142302279,9780142302279,eng,32,4075,121,10/14/2002,Puffin Books
41559,Peek-a-Boo! (Babyfaces),Roberta Grobel Intrater,3.69,0590058967,9780590058964,eng,12,111,11,10/1/1997,Cartwheel
24597,Center City Philadelphia in the 19th Century (Images of America: Pennsylvania),Library Company of Philadelphia,4.44,0738544922,9780738544922,eng,128,9,1,10/23/2006,Arcadia Publishing (SC)
26274,The Cultural Cold War: The CIA and the World of Arts and Letters,Frances Stonor Saunders,4.01,1565846648,9781565846647,eng,509,13,1,4/1/2001,The New Press
14570,Eight Cousins (Eight Cousins  #1),Louisa May Alcott,4.01,0486455599,9780486455594,eng,224,31532,767,2/27/2007,Dover Publications
6618,The Easy Way to Stop Smoking: Join the Millions Who Have Become Nonsmokers Using the Easyway Method,Allen Carr,4.3,1402718616,9781402718618,eng,224,3510,510,9/23/2004,Sterling
20181,Plot & Structure: Techniques and Exercises for Crafting a Plot That Grips Readers from Start to Finish,James Scott Bell,4.1,158297294X,9781582972947,eng,234,4480,439,10/6/2004,Writer's Digest Books
15600,The Midwife's Tale,Gretchen Moran Laskas,3.83,0385335547,9780385335546,eng,256,705,99,3/2/2004,Delta
6628,The Big Over Easy (Nursery Crime  #1),Jasper Fforde,3.94,0143037234,9780143037231,eng,383,27137,1885,7/25/2006,Penguin
35724,The Life You Were Born to Live,Dan Millman,4.11,1567313981,9781567313987,eng,464,19,1,9/1/2000,MJF Books
11045,The Spectator Bird,Wallace Stegner,3.99,0140139400,9780140139402,eng,214,4808,550,11/1/1990,Penguin
20671,Monkeyluv: And Other Essays on Our Lives as Animals,Robert M. Sapolsky,4.17,0743260163,9780743260169,en-CA,209,1024,102,10/10/2006,Scribner
13741,Crest of the Stars 2: A Modest War  (Seikai no Monshou  #2),Hiroyuki Morioka,4.11,1598165763,9781598165760,eng,222,135,5,1/1/2007,TokyoPop
30112,America Alone: The End of the World As We Know It,Mark Steyn,4.13,0895260786,9780895260789,eng,224,3095,362,10/1/2006,Regnery Publishing
39177,You're Born an Original  Don't Die a Copy!,John Mason,4.06,0884193551,9780884193555,eng,120,178,24,12/1/1993,Insight International
34708,The Aviators (Brotherhood of War  #8),W.E.B. Griffin,4.25,0515100536,9780515100532,eng,464,2567,33,5/1/1989,G.P. Putnam's Sons
1517,Aeschylus II: The Suppliant Maidens  The Persians  Seven against Thebes  and Prometheus Bound (The Complete Greek Tragedies),Aeschylus/David Grene/Richmond Lattimore/Seth Benardete,4.1,0226307948,9780226307947,eng,188,389,26,2/1/1992,University of Chicago Press
31483,Sky The Blue Fairy (Rainbow Magic  #5),Daisy Meadows/Georgie Ripper,3.83,0439746841,9780439746847,en-US,80,2267,82,11/1/2005,Scholastic Paperbacks
7543,The Psychology of Winning,Denis Waitley,4.21,0425099997,9780425099995,eng,176,1332,64,10/15/1986,Berkley
30621,C.S. Lewis and the Catholic Church,Joseph Pearce,3.88,0898709792,9780898709797,eng,175,165,17,3/17/2004,Ignatius Press
13173,A Little Prairie House,Laura Ingalls Wilder/Renée Graef,4.19,0064435261,9780064435260,eng,32,1561,45,3/21/1999,HarperCollins
5352,The Summons,John Grisham,3.69,0385339593,9780385339599,eng,384,58901,1642,9/27/2005,Delta
5415,'Salem's Lot,Stephen King,4.02,0965772411,9780965772419,eng,405,1039,130,10/17/1975,Doubleday
30948,The Rise of Christianity,Rodney Stark,4.04,0060677015,9780060677015,eng,272,1363,151,5/9/1997,HarperOne
26800,C++ Programmer's Notebook,Jim Keogh/John Shapley Gray,3.0,0130887013,9780130887016,eng,528,3,0,8/16/2001,Prentice Hall PTR
30093,The White Wolf's Son: The Albino Underground (Elric & Oona Von Bek  #3),Michael Moorcock,3.88,0446617458,9780446617451,en-US,432,283,8,9/1/2006,Grand Central Publishing
44067,Full Woman  Fleshly Apple  Hot Moon: Selected Poems,Pablo Neruda/Stephen Mitchell,4.45,0060928778,9780060928773,eng,288,1018,66,2/11/1998,Harper Perennial
2896,Das Parfum. Die Geschichte eines Mörders,Patrick Süskind,4.02,3257228007,9783257228007,ger,321,9674,343,6/1/1994,Diogenes
27168,Island Of Bones (Louis Kincaid  #5),P.J. Parrish,4.02,0786016051,9780786016051,eng,384,586,62,1/1/2004,Pinnacle
8523,Forfeit,Dick Francis,3.94,0425201910,9780425201916,eng,256,2538,63,4/5/2005,G.P. Putnam's Sons
15023,Conversation: A History of a Declining Art,Stephen Miller,3.2,0300110308,9780300110302,eng,368,95,16,3/11/2006,Yale University Press
8149,Novels & Memoirs 1941–1951: The Real Life of Sebastian Knight / Bend Sinister / Speak  Memory,Vladimir Nabokov/Brian Boyd,4.36,1883011183,9781883011185,eng,734,119,10,10/1/1996,Library of America
23710,Maison Ikkoku  Volume 9 (Maison Ikkoku  #9),Rumiko Takahashi,4.19,1591166179,9781591166177,en-US,232,272,4,2/9/2005,VIZ Media LLC
18348,"Incest: From ""A Journal of Love"": The Unexpurgated Diary of Anaïs Nin  1932-1934",Anaïs Nin/Rupert Pole/Gunther Stuhlmann,3.99,0151443661,9780151443666,eng,418,908,54,10/1/1992,Houghton Mifflin Harcourt
34178,The Visual Arts: A History  Volume 2,Hugh Honour/John Fleming,4.0,0131551132,9780131551138,eng,604,6,0,5/27/2005,Prentice Hall
6151,Life of the Beloved: Spiritual Living in a Secular World,Henri J.M. Nouwen,4.28,0824519868,9780824519865,eng,160,7551,498,10/1/2002,Crossroad
33555,What Dreams May Come,Richard Matheson,3.95,0765308703,9780765308702,eng,288,9298,830,1/1/2004,Tor Books
36421,The Star-Spangled Banner (Symbols of America),Debra Hess,4.0,0761417109,9780761417101,eng,40,1,0,1/1/2003,Cavendish Square Publishing
42993,Aurora Dawn,Herman Wouk,3.47,0316955094,9780316955096,en-US,288,213,20,4/15/1992,Back Bay Books
7048,The Tale of Genji,Yoshitaka Amano/Murasaki Shikibu/Rachel Nacth/Anri Itō/Junichi Imura,4.05,1595820639,9781595820631,eng,81,475,37,8/8/2006,Dark Horse Books
4953,A Heartbreaking Work of Staggering Genius,Dave Eggers,3.68,0375725784,9780375725784,eng,485,157572,8463,2/13/2001,Vintage
25779,On Democracy  Revolution  and Society,Alexis de Tocqueville/John Stone/Stephen Mennell,4.12,0226805271,9780226805276,eng,402,25,0,9/15/1982,University Of Chicago Press
4465,The Adventures of Sherlock Holmes,Arthur Conan Doyle,4.36,1842055062,9781842055069,eng,189,5906,140,1/1/2004,Geddes & Grosset
28910,Journal of a Novel: The East of Eden Letters,John Steinbeck,4.09,0140144188,9780140144185,eng,182,1053,126,12/1/1990,Penguin Books
41693,Skeleton Coast (Oregon Files  #4),Clive Cussler/Jack Du Brul,4.12,0425211894,9780425211892,eng,373,7591,210,10/3/2006,Berkley
37076,Love With the Proper Husband (Effingtons  #6),Victoria Alexander,3.85,0060001453,9780060001452,eng,358,1471,61,3/25/2003,Avon
37860,The Ethics of Authenticity,Charles Taylor,3.92,0674268636,9780674268630,eng,152,697,49,9/22/1992,Harvard University Press
23525,Norse Mythology: A Guide to the Gods  Heroes  Rituals  and Beliefs,John Lindow,4.11,0195153820,9780195153828,eng,365,1107,33,10/17/2002,Oxford University Press  USA
10112,Henry VIII (Shakespeare  Pelican),William Shakespeare/Stephen Orgel,3.54,0140714758,9780140714753,eng,126,93,14,8/1/2001,Penguin Classics
44284,The Confident Child,Terri Apter,3.63,0393040585,9780393040586,eng,270,13,5,1/1/1997,W. W. Norton & Company
6658,When the Emperor Was Divine,Julie Otsuka,3.73,0141009055,9780141009056,en-US,160,180,27,1/12/2004,Penguin
25060,Brightness Falls,Jay McInerney,3.74,0747553718,9780747553717,eng,432,46,0,8/6/2001,Bloomsbury
18185,The Pillow Book,Sei Shonagon/Ivan Morris,4.02,0231073372,9780231073370,eng,419,3786,275,12/30/1991,Columbia University Press
24958,The Dark Is Rising Sequence,Susan Cooper,4.28,0140316884,9780140316889,eng,786,266,16,10/25/1984,Puffin Books (Penguin Books)
42885,Motel Blues,Bill Bryson/David B. Ellis,3.83,2228897353,9782228897358,fre,399,17,3,4/15/2003,Payot
34844,Mortal Fear (Mississippi #1),Greg Iles,4.0,0451180410,9780451180414,eng,704,566,59,2/1/1998,Signet
42003,Sheer Mischief,Jill Mansell,3.82,0747268479,9780747268475,eng,504,2555,102,8/2/2001,Headline Review
30246,Blue Moon (Anita Blake  Vampire Hunter  #8),Laurell K. Hamilton,4.05,0515134457,9780515134452,en-US,418,55670,835,9/24/2002,Berkley Books
12853,Demons,Fyodor Dostoyevsky/Richard Pevear/Larissa Volokhonsky,4.27,0375411224,9780375411229,eng,733,214,27,10/24/2000,Everyman's Library
13876,Dear God  Help!!! Love  Earl,Barbara Park/Kenneth Lafreniere,3.97,0679853952,9780679853954,eng,144,37,4,7/11/2006,Yearling
23516,Astronomy: A Self-Teaching Guide,Dinah L. Moché,3.89,0471265187,9780471265184,eng,343,113,10,2/24/2004,John Wiley & Sons
2761,The Denial of Death,Ernest Becker/Sam Keen/Daniel Goleman,4.16,0684832402,9780684832401,eng,336,6599,635,5/8/1997,Free Press
11729,The Bookshop  The Gate of Angels  The Blue Flower,Penelope Fitzgerald/Frank Kermode,4.07,1400041260,9781400041268,en-US,472,32,7,9/23/2003,Everyman's Library
1097,Fast Food Nation: The Dark Side of the All-American Meal,Eric Schlosser,3.74,0060838582,9780060838584,eng,399,190039,4922,7/5/2005,Harper Perennial
4695,The Rabbi,Noah Gordon,3.69,0449214540,9780449214541,eng,448,921,44,8/12/1987,Fawcett
10456,Far to Go (Margaret Thursday  #2),Noel Streatfeild,3.81,0440424941,9780440424949,eng,161,167,9,2/1/1986,Yearling
29081,Big Dog... Little Dog,P.D. Eastman,4.12,0375822976,9780375822971,en-US,48,93,10,5/27/2003,Random House Books for Young Readers
24922,A Confederacy of Dunces,John Kennedy Toole,3.89,0140282688,9780140282689,eng,397,540,47,2/26/2003,Penguin Books  Limited (UK)
24887,Parasite Pig (Interstellar Pig #2),William Sleator,3.64,0142400866,9780142400869,en-US,224,355,31,2/9/2004,Firebird
3688,Complete Short Stories,Graham Greene/Pico Iyer,4.17,0143039105,9780143039105,eng,594,1122,69,2/1/2005,Penguin Classics
3087,A Room with a View,E.M. Forster,3.91,1420925431,9781420925432,eng,119,128596,3422,1/1/2005,Digireads.com
32916,On the Bus: The Complete Guide to the Legendary Trip of Ken Kesey and the Merry Pranksters and the Birth of Counterculture,Paul Perry/Ken Babbs,3.86,156025114X,9781560251149,eng,205,193,10,1/7/1997,Running Press
9493,A Time to Embrace: Same-Gender Relationships in Religion  Law  and Politics,William Stacy Johnson,4.21,080282966X,9780802829665,en-US,330,44,10,11/1/2006,William B. Eerdmans Publishing Company
11013,Finnegans Wake,James Joyce,3.67,0571217354,9780571217359,eng,628,9780,591,11/4/2002,Faber & Faber
30733,Montaigne: Essays,Michel de Montaigne/J.M. Cohen,4.16,014017897X,9780140178975,eng,416,1214,72,7/1/1993,Penguin Books
43915,Magician: Apprentice Volume 1  (Raymond E. Feist's Magician: Apprentice #1),Raymond E. Feist/Michael Avon Oeming/Bryan J.L. Glass/Ryan Stegman,4.45,0785127224,9780785127222,eng,168,19895,114,5/30/2007,Marvel Comics Group
13837,Lioness Rampant (Song of the Lioness  #4),Tamora Pierce,4.28,0689878575,9780689878572,en-US,384,72386,1230,1/1/2005,Simon Pulse
23581,"Still More George W. Bushisms: ""Neither in French nor in English nor in Mexican""",Jacob Weisberg/Al Franken,3.37,0743251008,9780743251006,eng,96,56,11,11/4/2003,Fireside
39309,The Damned (Vampire Huntress  #6),L.A. Banks,4.28,0312934432,9780312934439,eng,492,1993,38,1/2/2007,St. Martin's Paperbacks
44458,The Collected Dorothy Parker,Dorothy Parker/Brendan Gill,4.29,014118258X,9780141182582,eng,604,1106,50,5/31/2001,Penguin Classics
30193,Goddess of the Rose (Goddess Summoning  #4),P.C. Cast,4.14,0425208915,9780425208915,eng,345,5499,248,2/7/2006,Berkley Sensation
4346,Dispatches from the Tenth Circle: The Best of the Onion,Robert D. Siegel/Todd Hanson/Carol Kolb/The Onion,4.21,0609808346,9780609808344,eng,174,3472,30,9/4/2001,Three Rivers Press
38211,The Art of Happiness at Work,Dalai Lama XIV/Howard C. Cutler,3.95,0340831200,9780340831205,eng,224,1615,95,8/15/2005,Hodder Mobius
9826,Oh Rats! The Story of Rats and People,Albert Marrin/C.B. Mordan,3.77,0525477624,9780525477624,eng,48,432,90,8/17/2006,Dutton Books for Young Readers
44053,Odes to Common Things,Pablo Neruda/Ferris Cook/Ken Krabbenhoft,4.39,0821220802,9780821220801,eng,152,1885,105,5/1/1994,Bulfinch
17241,Dracula,Bram Stoker/Robert Whitfield,3.99,0786180404,9780786180400,eng,15,53,12,12/1/1998,Blackstone Audiobooks
1164,Monkey Business: True Story of the Scopes Trial,Marvin N. Olasky/John R. Perry,3.15,0805431578,9780805431575,eng,368,26,8,5/15/2005,B Books
21059,Crown of Stars (Crown of Stars  #7),Kate Elliott,3.91,0756404061,9780756404062,eng,609,2169,54,1/2/2007,DAW
28859,The Gospel According to Jesus Christ,José Saramago/Giovanni Pontiero,4.29,186046095X,9781860460951,eng,341,13919,526,12/26/1999,Harvill Press
15673,Wayside School Gets A Little Stranger (Wayside School  #3),Louis Sachar,4.19,0747569118,9780747569114,eng,176,17980,416,4/1/2004,Bloomsbury U.S.A. Children's Books
35987,The Greek Islands,Lawrence Durrell,3.89,0571214266,9780571214266,eng,332,25,3,4/8/2002,Faber & Faber
16331,Murder at the Vicarage (Miss Marple  #1),Agatha Christie,4.05,1579126251,9781579126254,eng,288,121099,2237,9/1/2006,Black Dog & Leventhal Publishers
18798,The Guermantes Way  (In Search of Lost Time  #3),Marcel Proust/Mark Treharne/Christopher Prendergast,4.3,0143039229,9780143039228,eng,619,4345,246,5/31/2005,Penguin Classics
31648,James and the Giant Peach: a Play,Richard R. George/Roald Dahl,4.0,0142407917,9780142407912,en-GB,91,344,22,2/1/2007,Puffin Books
3120,Public Enemies (On The Run  #5),Gordon Korman,4.19,0439651409,9780439651400,eng,150,2050,76,12/1/2005,Scholastic
24804,A Parchment of Leaves,Silas House,4.18,0345464974,9780345464972,eng,304,3192,357,8/26/2003,Ballantine Books
15260,The Magical Worlds of Lord of the Rings: The Amazing Myths  Legends and Facts Behind the Masterpiece,David Colbert,4.08,0425187713,9780425187715,eng,208,2073,50,10/1/2002,Berkley Trade
37566,Trapped in the Mirror: Adult Children of Narcissists in Their Struggle for Self,Elan Golomb,3.82,0688140718,9780688140717,en-US,272,779,82,3/28/1995,William Morrow Paperbacks
36507,The Azathoth Cycle: Tales of the Blind Idiot God,Robert M. Price/Edward Pickman Derby/Peter Cannon/Stephen Mark Rainey/Lin Carter/Henry Kuttner/Ramsey Campbell/Thomas Ligotti/Richard L. Tierney/Gary    Myers/Donald R. Burleson/C.J. Henderson/Stephen Studach/John Glasby/Allen Mackey,3.75,1568820402,9781568820408,eng,260,124,6,3/1/1995,Chaosium
12564,Sometimes a Great Notion,Ken Kesey/Charles Bowden,4.17,0143039865,9780143039860,eng,715,577,80,8/29/2006,Penguin Classics
2711,The Riverside Chaucer,Geoffrey Chaucer/Larry Dean Benson/F.N. Robinson,4.18,0395290317,9780395290316,enm,1327,7760,152,12/12/1987,Houghton Mifflin
32255,Vanish (Rizzoli & Isles  #5),Tess Gerritsen,4.12,0345476980,9780345476982,eng,401,46863,1157,8/29/2006,Ballantine Books
43691,The Master,Colm Tóibín,3.83,0743250419,9780743250412,eng,339,7299,771,5/3/2005,Scribner
24424,The Sorority: Samantha (Sorority Trilogy  #3),Tamara Thorne,3.72,0786015411,9780786015412,eng,288,183,18,8/1/2003,Pinnacle
44540,Poems Between Women: Four Centuries of Love  Romantic Friendship  and Desire,Emma Donoghue,3.88,0231109253,9780231109253,en-US,256,68,4,3/19/1999,Columbia University Press
31819,Harry Potter and Philosophy: If Aristotle Ran Hogwarts,David Baggett/Shawn E. Klein,4.48,0812694554,9780812694550,eng,243,11422,78,9/10/2004,Open Court
32987,The Greatest Generation,Tom Brokaw,4.01,0812975294,9780812975291,eng,464,14233,914,5/1/2001,Random House Trade Paperbacks
27039,East and West: The Making of a Rift in the Church from Apostolic Times until the Council of Florence (History of the Christian Church),Henry Chadwick,3.88,0199280169,9780199280162,en-US,316,4,1,5/12/2005,OUP Oxford
11251,Glamorous Powers (Starbridge  #2),Susan Howatch,4.19,000649692X,9780006496922,en-GB,512,1493,69,7/22/1996,HarperCollins
31437,Black Boy,Richard Wright/Edward P. Jones,4.05,0060834005,9780060834005,en-US,432,88,12,11/29/2005,Harper
7763,The Joy Luck Club,Amy Tan,3.92,0143038095,9780143038092,eng,288,565524,7255,9/21/2006,Penguin Books
40789,Voyage of the Turtle: In Pursuit of the Earth's Last Dinosaur,Carl Safina,4.24,0805078916,9780805078916,eng,383,644,78,5/30/2006,Henry Holt and Company
5372,Amber and Ashes (Dragonlance: The Dark Disciple  #1),Margaret Weis,3.87,0786937424,9780786937424,eng,336,2637,64,7/1/2005,Wizards of the Coast
38068,The Complete Stories,Zora Neale Hurston/Henry Louis Gates Jr./Sieglinde Lemke,4.25,0060921714,9780060921712,eng,336,756,45,1/5/1996,Amistad
3732,Selected Poems of Herman Melville,Herman Melville/Robert Penn Warren,3.77,1567922694,9781567922691,eng,512,12,3,9/10/2004,David R. Godine Publisher
5472,Animal Farm / 1984,George Orwell/Christopher Hitchens,4.28,0151010269,9780151010264,eng,400,146659,1625,6/1/2003,Houghton Mifflin Harcourt
11993,Camus at Combat: Writing 1944-1947,Albert Camus/Jacqueline Levi-Valensi/Arthur Goldhammer/David Carroll,4.19,0691120048,9780691120041,fre,334,134,5,1/16/2006,Princeton University Press
30187,Divine By Mistake (Partholon  #1),P.C. Cast,4.09,0373802471,9780373802470,eng,701,8633,452,8/29/2006,Luna Books
13152,The Angel Experiment (Maximum Ride  #1),James Patterson,4.08,0446617792,9780446617796,eng,445,187892,7624,5/5/2006,Grand Central Publishing
29737,My Life as a Man,Philip Roth,3.73,067974827X,9780679748274,eng,334,1561,101,1/13/1994,Vintage
15956,True Believer,Nicholas Sparks,3.8,0446532436,9780446532433,en-US,322,896,77,7/1/2009,Warner Books
21703,The Best American Mystery Stories 2002,James Ellroy/Otto Penzler/John Biguenet/Michael Connelly/Thomas H. Cook/Sean Doolittle/Brendan DuBois/David Edgerley Gates/Joe Gores/James Grady/Clark Howard/Stuart M. Kaminsky/Joe R. Lansdale/Michael Malone/Annette Meyers/Joyce Carol Oates/Robert B. Parker/F.X. Toole/Daniel Waterman/Scott Wolven/Fred Melton,3.58,0618258078,9780618258079,eng,1,0,0,10/15/2002,Mariner Books
45440,The Legend of Spud Murphy,Eoin Colfer/Glenn McCoy,3.88,0786855010,9780786855018,eng,96,92,25,9/6/2004,Disney-Hyperion
1488,The Bacchae of Euripides: A Communion Rite,Wole Soyinka,3.86,0393325830,9780393325836,eng,128,116,6,7/17/2004,W. W. Norton  Company
33808,The Lion's Game (John Corey  #2),Nelson DeMille,4.19,0446679097,9780446679091,eng,720,26514,1008,1/1/2002,Grand Central Publishing
3577,A Tangled Web,L.M. Montgomery,3.88,0770422454,9780770422455,eng,288,3760,248,8/1/1989,Seal Books
17170,A Tale of Two Cities,Charles Dickens/Gillen D'Arcy Wood,3.84,1593083327,9781593083328,en-GB,409,301,44,10/21/2004,Barnes  Noble Classics
43457,Rose (Shooting Stars  #3),V.C. Andrews,3.72,0671039954,9780671039950,eng,185,2352,29,9/1/2001,Pocket Books
5659,The Wind in the Willows,Kenneth Grahame/Gillian Avery,3.99,0143039091,9780143039099,eng,197,147748,3490,10/27/2005,Penguin Books
3102,Howards End,E.M. Forster,3.96,0486424545,9780486424545,eng,246,54765,1437,10/29/2002,Dover Publications
15221,The Lord of the Rings: The Two Towers: Visual Companion,Jude Fisher/Viggo Mortensen,4.51,0618258027,9780618258024,eng,72,4524,23,11/6/2002,Houghton Mifflin Harcourt
8574,Whip Hand (Sid Halley  #2),Dick Francis,4.1,0425203549,9780425203545,eng,304,5108,143,6/7/2005,G.P. Putnam's Sons
30248,Narcissus in Chains (Anita Blake  Vampire Hunter  #10),Laurell K. Hamilton,3.9,0515133876,9780515133875,eng,644,49695,998,9/24/2002,Jove
43933,Tell No One,Harlan Coben,4.11,0440236703,9780440236702,eng,370,95220,4017,8/25/2009,Dell Publishing Company
45617,O Cavalo e o Seu Rapaz (As Crónicas de Nárnia  #3),C.S. Lewis/Pauline Baynes/Ana Falcão Bastos,3.92,9722330551,9789722330558,por,160,207,16,8/15/2003,Editorial Presença
44824,Exiled in Paris: Richard Wright  James Baldwin  Samuel Beckett and Others on the Left Bank,James    Campbell,4.03,0520234413,9780520234413,eng,304,35,6,2/1/2003,University of California Press
33537,Frankenstein,Mary Wollstonecraft Shelley/Susan J. Wolfson,3.79,0321399536,9780321399533,eng,431,230,28,7/1/2006,Pearson
43407,Alles ist erleuchtet,Jonathan Safran Foer/Dirk van Gunsteren,3.9,3462032178,9783462032178,ger,384,39,4,2/20/2003,Kiepenheuer & Witsch
19512,Schopenhauer: A Very Short Introduction,Christopher Janaway,3.81,0192802593,9780192802590,eng,137,346,26,2/21/2002,Oxford University Press
13529,March,Geraldine Brooks,3.75,0143036661,9780143036661,eng,280,49145,5344,1/31/2006,Penguin
37040,The Various Haunts of Men (Simon Serrailler #1),Susan Hill,3.82,1585678767,9781585678761,eng,438,8361,819,4/19/2007,Harry N. Abrams
141,Ruby Cookbook,Lucas Carlson/Leonard Richardson,3.84,0596523696,9780596523695,eng,873,166,4,7/29/2006,O'Reilly Media
7422,Berlioz: Servitude and Greatness  1832-1869 (Volume 2),David Cairns,4.27,0520240588,9780520240582,en-US,907,3,0,10/1/2003,University of California Press
18422,Gifted Hands: The Ben Carson Story,Ben Carson/Cecil Murphey,4.21,0310214696,9780310214694,eng,224,11874,1544,11/26/1996,Zondervan
11279,Summer of Night (Seasons of Horror  #1),Dan Simmons,4.02,0446362662,9780446362665,eng,600,16116,894,3/1/1992,Warner Books
40913,The Last Castle/Nightwings (Tor Double Novel #15),Jack Vance/Robert Silverberg,3.7,0812501942,9780812501940,eng,182,43,4,12/1/1989,Tor Books
13591,Hikaru no Go  Vol. 9: The Pro Test Begins (Hikaru no Go  #9),Yumi Hotta/Takeshi Obata/Yukari Umezawa,4.27,1421510669,9781421510668,eng,207,1012,21,4/3/2007,VIZ Media LLC
22489,"African Origins of the Major ""Western Religions""",Yosef A.A. Ben-Jochannan,4.54,0933121296,9780933121294,eng,363,129,6,12/1/1991,Black Classic Press
7531,The Idiot Girls' Action-Adventure Club: True Tales from a Magnificent and Clumsy Life,Laurie Notaro,3.88,0375760911,9780375760914,en-GB,225,16133,1099,7/2/2002,Villard
19428,The Abominable Snowman Doesn't Roast Marshmallows (The Adventures of the Bailey School Kids  #50),Debbie Dadey/Marcia Thornton Jones,3.82,0439650372,9780439650373,eng,96,402,19,3/1/2005,Scholastic Paperbacks
35441,Star Wars: Clone Wars  Volume 8: The Last Siege  the Final Truth,John Ostrander/Jan Duursema/Dan Parsons,4.1,1593074824,9781593074821,eng,144,424,20,4/11/2006,Dark Horse Books
4273,About a Boy,Nick Hornby,3.8,0141007338,9780141007335,eng,278,825,73,4/4/2002,Penguin
14169,Touching the Rock: An Experience of Blindness,John M. Hull/Oliver Sacks,3.98,067973547X,9780679735472,eng,248,141,24,6/2/1992,Vintage
18736,Going to Pieces Without Falling Apart: A Buddhist Perspective on Wholeness,Mark Epstein/Charlie Conrad,3.9,0767902351,9780767902359,eng,200,4473,228,6/1/1999,Harmony
2309,Novellas and Other Writings: Madame de Treymes / Ethan Frome / Summer / Old New York / The Mother’s Recompense / A Backward Glance,Edith Wharton/Cynthia Griffin Wolff,4.22,0940450534,9780940450530,eng,1137,67,9,4/1/1990,Library of America
16305,Evil Under the Sun (Hercule Poirot  #24),Agatha Christie,3.97,1579126286,9781579126285,eng,220,36334,975,9/1/2006,Black Dog & Leventhal Publishers
3577,A Tangled Web,L.M. Montgomery,3.88,0770422454,9780770422455,eng,288,3760,248,8/1/1989,Seal Books
51,"Hatchet: A Guide for Using ""Hatchet"" in the Classroom",Donna Ickes/Edward Sciranko/Keith Vasconcelles,4.0,1557344493,9781557344496,eng,48,36,2,8/28/1994,Teacher Created Resources
16074,A Dubious Codicil,Michael Wharton,3.25,0701130644,9780701130640,eng,224,3,0,3/15/1991,Random House UK Distribution
251,Nexus (The Rosy Crucifixion  #3),Henry Miller,4.1,0802151787,9780802151780,eng,316,3261,58,1/13/1994,Grove Press
44652,Fablehaven (Fablehaven  #1),Brandon Mull,4.1,1590385810,9781590385814,eng,351,117341,8718,6/7/2006,Shadow Mountain
12631,On MisEducation (Critical Perspectives),Noam Chomsky/Donaldo Macedo,3.76,0742529789,9780742529786,eng,199,282,20,2/23/2004,Rowman & Littlefield Publishers
33455,Island of the Sequined Love Nun,Christopher Moore,3.8,0060735449,9780060735449,eng,325,27534,1247,5/25/2004,Harper Perennial
29791,The Ministry of Special Cases,Nathan Englander,3.66,0375404937,9780375404931,eng,339,2509,368,4/24/2007,Knopf Publishing Group
41712,Lost City (NUMA Files  #5),Clive Cussler/Paul Kemprecos,3.9,0425204197,9780425204191,en-US,515,227,17,7/26/2005,G.P. Putnam's Sons
23276,Taxation of Mineral Rents,Ross Garnaut,5.0,0198284543,9780198284543,eng,350,1,0,11/17/1983,Oxford University Press  USA
43390,1968: War and Democracy,Eugene J. McCarthy/Christopher Hitchens,4.5,1883477379,9781883477370,eng,246,2,1,9/23/2000,Lone Oak Press
37305,Destiny's Daughters,Gwynne Forster/Donna Hill/Parry A. Brown,4.2,0758212380,9780758212382,eng,292,71,8,1/31/2006,Kensington
23204,Stern Men,Elizabeth Gilbert,3.41,061812733X,9780618127337,eng,304,4308,542,6/8/2001,Mariner Books
31361,Maps in a Mirror: The Short Fiction of Orson Scott Card,Orson Scott Card,4.01,0765308401,9780765308405,eng,675,2940,121,1/1/2004,Orb Books
27247,The Complete Book of Home  Site and Office Security: Selecting  Installing and Troubleshooting Systems and Devices,Bill Phillips,3.5,0071467440,9780071467445,eng,309,2,0,8/1/2006,McGraw-Hill Education
16595,Vampire Hunter D Volume 06: Pilgrimage of the Sacred and the Profane,Hideyuki Kikuchi/Yoshitaka Amano,4.1,1595821066,9781595821065,en-US,208,844,26,11/22/2006,Digital Manga Publishing / Dark Horse
18135,Romeo and Juliet,William Shakespeare/Paul Werstine/Barbara A. Mowat,3.74,0743477111,9780743477116,eng,368,1893917,14637,1/1/2004,Simon Schuster
4,Harry Potter and the Chamber of Secrets (Harry Potter  #2),J.K. Rowling,4.42,0439554896,9780439554893,eng,352,6333,244,11/1/2003,Scholastic
24953,Danny The Champion Of The World,Roald Dahl/Quentin Blake,4.09,022406469X,9780224064699,eng,256,107,9,11/7/2002,Jonathan Cape
14891,A Tree Grows in Brooklyn,Betty  Smith,4.26,0061120073,9780061120077,eng,496,345283,16114,5/30/2006,HarperCollins Publishers
41793,Hackers & Painters: Big Ideas from the Computer Age,Paul Graham/Allen Noren/Matt Hutchinson,4.05,0596006624,9780596006624,eng,272,6572,302,5/25/2004,O'Reilly Media
9107,Posing for Portrait Photography: A Head-To-Toe Guide,Jeff Smith,3.38,1584281340,9781584281344,eng,124,51,0,7/1/2004,Amherst Media
39916,Epileptic,David B.,3.88,0375714685,9780375714689,eng,368,11891,534,7/4/2005,Pantheon
17687,The Metamorphosis,Franz Kafka,3.81,1419172697,9781419172694,en-US,48,395,30,6/17/2004,Kessinger Publishing
40297,The Well At The World's End: Volume I,William Morris/Lin Carter,3.81,1587150883,9781587150883,en-US,332,257,22,3/20/2000,Borgo Press
9489,Devil's Embrace (Devil  #1),Catherine Coulter,3.8,0451200268,9780451200266,eng,397,3381,116,5/1/2000,Signet
17297,1912 Manuscript on the Special Theory of Relativity,Albert Einstein/Hanoch Gutfreund,4.41,0807615323,9780807615324,eng,174,17,0,5/17/2004,George Braziller Inc.
30190,Goddess of Light (Goddess Summoning  #3),P.C. Cast,4.04,0425201961,9780425201961,eng,355,5594,213,4/5/2005,Berkley
11525,1 000 Places to See Before You Die,Patricia Schultz,3.85,0761104844,9780761104841,eng,992,36303,439,5/22/2003,Workman Publishing Company
30977,The Black Road (Diablo #2),Mel Odom,3.67,0743426916,9780743426916,eng,360,1224,18,4/2/2002,Star Trek
18029,Ring for Jeeves (Jeeves  #10),P.G. Wodehouse,4.01,1585675245,9781585675241,eng,208,2785,183,4/12/2004,Harry N. Abrams
30249,Sensual Phrase  Vol. 15,Mayu Shinjō,4.23,1421505606,9781421505602,en-US,175,488,7,8/1/2006,Viz Media
2412,"Unpainted to the Last: ""Moby Dick"" and Twentieth-century American Art",Elizabeth A. Schultz,4.28,0700607420,9780700607426,eng,400,16,1,10/20/1995,University Press of Kansas
2529,The Tale of the Unknown Island,José Saramago/Peter Sís/Margaret Jull Costa,3.89,0156013037,9780156013031,eng,64,3331,242,10/5/2000,Mariner Books
35252,Frankenstein,Mary Wollstonecraft Shelley,3.79,1419542249,9781419542244,en-US,450,17,3,10/30/2006,Kaplan
1198,Eat This Book: Cooking with Global Fresh Flavors,Tyler Florence/Petrina Tinslay,3.92,1400052378,9781400052370,eng,287,275,15,10/1/2004,Clarkson Potter Publishers
43060,Slider,Patrick Robinson,4.13,006058033X,9780060580339,en-US,416,66,7,4/27/2004,It Books
33437,Cherry Cheesecake Murder (Hannah Swensen  #8),Joanne Fluke,3.91,0758202954,9780758202956,eng,382,12503,532,2/1/2007,Kensington Publishing Corporation
18517,To the Lighthouse,Virginia Woolf/Eudora Welty,3.78,0156907399,9780156907392,en-US,209,4116,300,12/27/1989,Harcourt
40395,A Princess of Mars (Barsoom  #1),Edgar Rice Burroughs/John Seelye,3.81,0143104888,9780143104889,eng,186,38926,2355,1/30/2007,Penguin Books
18990,The Honourable Schoolboy,John le Carré,3.95,0743457919,9780743457910,eng,589,11733,513,10/29/2002,Scribner Book Company
31678,Jane Austen: A Life,Carol Shields,3.85,0143035169,9780143035169,eng,192,2279,173,5/31/2005,Penguin Books
7861,No One Is Illegal: Fighting Racism and State Violence on the U.S.-Mexico Border,Justin Akers Chacón/Mike  Davis,4.08,1931859353,9781931859356,eng,240,237,22,4/1/2006,Haymarket Books
21276,A Dangerous Man (Hank Thompson  #3),Charlie Huston,4.07,034548133X,9780345481337,eng,286,2735,162,9/19/2006,Ballantine Books
31314,Barnyard Dance,Sandra Boynton,4.25,1563054426,9781563054426,en-US,24,21265,480,10/1/1993,Workman Publishing Company
4332,Satan's Tail (Dreamland  #7),Dale Brown/Jim DeFelice,4.0,0060094419,9780060094416,eng,405,339,9,7/26/2005,HarperTorch
337,El perfume: Historia de un asesino,Patrick Süskind,4.02,8432216062,9788432216060,spa,239,4136,255,6/1/2002,Booket
10562,The Three Musketeers (Great Illustrated Classics),Malvina G. Vogel/Alexandre Dumas,4.08,1577658035,9781577658030,eng,236,1379,56,12/3/2005,Baronet Books
27842,Data Structures and Algorithms in Java,Michael T. Goodrich/Roberto Tamassia,3.83,0471738840,9780471738848,en-US,720,151,8,8/1/2005,Wiley
5187,The Book of Ruth,Jane Hamilton,3.85,0385265700,9780385265706,en-US,328,63595,1222,12/1/1989,Anchor Books
17635,More Readings From One Man's Wilderness: The Journals of Richard L. Proenneke  1974-1980,Richard Proenneke/John Branson,4.42,0160729947,9780160729942,eng,496,239,5,1/5/2006,National Park Service
26229,Robert Van Gulik: His Life His Work,Janwillem van de Wetering/Arthur P. Yin,3.57,156947124X,9781569471241,eng,149,39,5,7/1/1998,Soho Press
25921,Love Mode  Vol. 1,Yuki Shimizu,3.93,1598160109,9781598160109,eng,192,1417,41,11/8/2005,Blu
40138,Bone In The Throat,Anthony Bourdain,3.39,1841952877,9781841952871,eng,290,30,4,4/30/2002,Canongate Books
23837,Healing Therapies for Overcoming Insomnia,Peter  Van Houten/Rich McCord,3.6,1565891740,798499100096,eng,175,8,1,2/23/2005,Crystal Clarity Publishers
34530,Guards! Guards! (Discworld  #8),Terry Pratchett,4.33,0613572173,9780613572170,eng,355,67,2,7/31/2001,Turtleback Books
28748,The Very Persistent Gappers of Frip,George Saunders/Lane Smith,4.11,1932416374,9781932416374,eng,84,2457,356,3/29/2006,McSweeney's
5685,Anna Karenina,Leo Tolstoy/Richard Pevear/Larissa Volokhonsky,4.05,0142000272,9780142000274,en-US,838,2415,397,12/1/2001,Penguin Books
44988,Kim,Rudyard Kipling/Pankaj Mishra,3.72,0812971345,9780812971347,eng,306,113,22,2/10/2004,Modern Library
24047,The Stowaway Solution (On The Run  #4),Gordon Korman,4.11,0439651395,9780439651394,eng,160,2041,82,10/1/2005,Scholastic
6677,The Gremlins,Roald Dahl/Artists and Writers Guild/Walt Disney Company/Leonard Maltin,3.44,1593074964,9781593074968,eng,56,511,65,9/26/2006,Dark Horse Books
9442,Selections from Don Quixote - Selecciones de Don Quijote de la Mancha,Miguel de Cervantes Saavedra/Stanley Appelbaum,3.34,0486406660,9780486406664,mul,288,26,0,12/23/1998,Dover Publications
8645,Stanley Park,Timothy  Taylor,3.57,1582432902,9781582432908,eng,436,1818,89,9/25/2003,Counterpoint LLC
6932,What Color Is Your Parachute? A Practical Manual for Job-Hunters and Career-Changers,Richard Nelson Bolles,3.7,1580087949,9781580087940,eng,382,4171,161,9/1/2006,Ten Speed Press
2521,Blood Done Sign My Name: A True Story,Timothy B. Tyson,4.15,1400083117,9781400083114,eng,368,2594,403,5/3/2005,Broadway Books
1097,Fast Food Nation: The Dark Side of the All-American Meal,Eric Schlosser,3.74,0060838582,9780060838584,eng,399,190039,4922,7/5/2005,Harper Perennial
6008,Five T'ang Poets,Wang Wei/Li Bai/Li Ho/Li Shang-yin/David Young,4.3,093244055X,9780932440556,eng,184,169,21,10/8/1990,Oberlin College Press
27788,Julie  or the New Heloise,Jean-Jacques Rousseau/Philip Stewart/Jean Vache,3.46,0874518253,9780874518252,en-US,728,1019,27,10/1/1997,Dartmouth College Press
42078,Ukraine,Sarah Johnstone,3.91,186450336X,9781864503364,eng,216,27,5,7/1/2005,Lonely Planet
9350,The Virtues of Aging,Jimmy Carter,3.55,0345425928,9780345425928,eng,160,221,36,10/13/1998,Ballantine Books
29898,The Wars,Timothy Findley,3.88,0571207995,9780571207992,eng,218,6467,245,8/20/2001,Faber and Faber
27691,The Gabriel Hounds,Mary  Stewart,3.92,0061145394,9780061145391,eng,322,3629,145,11/28/2006,HarperTorch
37657,The Body in the Lighthouse,Katherine Hall Page,3.68,0380813866,9780380813865,en-US,352,434,28,3/30/2004,Avon
6526,Book of the Dead (Kay Scarpetta  #15),Patricia Cornwell,3.65,0399153934,9780399153938,eng,511,23107,1295,11/1/2007,Putnam Adult
24476,Fargo Rock City: A Heavy Metal Odyssey in Rural North Dakota,Chuck Klosterman,3.8,0743406567,9780743406567,eng,288,12448,526,5/1/2002,Scribner
6611,Why Do Men Fall Asleep After Sex? More Questions You'd Only Ask a Doctor After Your Third Whiskey Sour,Mark Leyner/Billy Goldberg,3.55,0307345971,9780307345974,eng,263,1166,112,8/1/2006,Three Rivers Press
33692,Mediterranean Winter: The Pleasures of History & Landscape in Tunisia  Sicily  Dalmatia & Greece,Robert D. Kaplan,3.92,037550804X,9780375508042,en-US,272,32,9,2/3/2004,Random House
10972,Omega Path (Outlanders  #4),James Axler,3.87,0373638175,9780373638178,en-US,352,80,2,1/23/1998,Gold Eagle
30117,Where the Sidewalk Ends: Poems and Drawings,Shel Silverstein,4.3,0060572345,9780060572341,eng,192,3587,179,2/18/2014,HarperCollins
16213,The Hot Zone: The Terrifying True Story of the Origins of the Ebola Virus,Richard Preston,4.12,0385495226,9780385495226,eng,352,85408,4334,6/15/1999,Anchor Books
5499,Midaq Alley,Naguib Mahfouz/Trevor Le Gassick,3.85,0385264763,9780385264761,eng,286,4815,446,12/1/1991,Anchor Books
41130,Pacific Edge (Three Californias Triptych  #3),Kim Stanley Robinson,3.78,0312890389,9780312890384,eng,336,1208,89,5/15/1995,Orb Books
20086,The Mark of the Crown (Star Wars: Jedi Apprentice  #4),Jude Watson,3.73,0590519344,9780590519342,eng,131,2319,63,10/1/1999,Scholastic Inc.
22155,Let My People Go Surfing: The Education of a Reluctant Businessman,Yvon Chouinard,4.22,0143037838,9780143037835,eng,272,7838,681,9/5/2006,Penguin Books
16677,Ad Infinitum... The Ghost in Turing's Machine: Taking God Out of Mathematics and Putting the Body Back In. An Essay in Corporeal Semiotics,Brian Rotman,4.06,0804721289,9780804721288,en-US,224,17,2,9/1/1993,Stanford University Press
39081,The Cake Book,Tish Boyle/John Uher,4.19,0471469335,9780471469339,eng,384,100,12,4/14/2006,Houghton Mifflin Harcourt
41649,Make Four Million Dollars by Next Thursday!,Stephen Manes/George Ulrich,3.68,0440413702,9780440413707,eng,87,79,12,7/8/1996,Yearling Books
5805,V for Vendetta,Alan Moore/David   Lloyd,4.25,1401207928,9781401207922,eng,296,234954,4058,11/1/2005,Vertigo
9605,Cat's Cradle/God Bless You Mr. Rosewater/Breakfast of Champions,Kurt Vonnegut Jr.,4.36,051712436X,9780517124369,eng,527,914,8,5/28/1995,Wings Books
11313,Silver on the Tree (The Dark is Rising  #5),Susan Cooper,4.15,0689840330,9780689840333,eng,274,27802,507,12/1/2000,Margaret K. McElderry Books
21830,The Totem,David Morrell,3.58,0446691909,9780446691901,eng,448,1152,76,4/1/2003,Grand Central Publishing
14194,A Man's Protection,Jayne Castle/Jayne Ann Krentz,3.88,0440151880,9780440151883,eng,186,275,6,12/31/1982,Dell Publishing Company
19983,The Drift House: The First Voyage,Dale Peck,3.65,159990005X,9781599900056,eng,437,618,69,11/1/2006,Bloomsbury Publishing PLC
32510,Shakespeare's Champion (Lily Bard  #2),Charlaine Harris,3.83,0425213102,9780425213100,eng,214,13896,537,12/5/2006,Berkley Books
43269,Amanda's Story (The Girls of Lighthouse Lane #4),Thomas Kinkade/Erika Tamar,4.04,0060543523,9780060543525,eng,208,4,0,3/14/2006,HarperCollins
9539,The Shadow Rising (The Wheel of Time  #4),Robert Jordan,4.24,0812513738,9780812513738,eng,1007,148074,2471,10/15/1993,Tom Doherty Tor Fantasy
18241,War and Peace,Leo Tolstoy/Anthony Briggs/Orlando Figes,4.11,067003469X,9780670034697,eng,1412,1228,93,1/19/2006,Viking Adult
30892,The Main,Trevanian,3.86,1400098238,9781400098231,eng,352,920,32,7/26/2005,Broadway Books
12771,A Kiss Before Dying (Sweet Valley High  #122),Francine Pascal/Kate William,3.67,0553566407,9780553566406,eng,197,267,7,2/1/1996,Bantam
10884,Einstein: His Life and Universe,Walter Isaacson,4.11,0743264738,9780743264730,eng,675,113315,2833,4/10/2007,Simon  Schuster
868,Fullmetal Alchemist  Vol. 3 (Fullmetal Alchemist  #3),Hiromu Arakawa/Akira Watanabe,4.56,1591169259,9781591169253,eng,192,16666,299,9/13/2005,VIZ Media LLC
7850,The Girl in the Flammable Skirt,Aimee Bender,3.88,0385492162,9780385492164,eng,192,6591,661,8/17/1999,Anchor
18837,Cliffs Notes on Woolf's Mrs. Dalloway,Gary K. Carey,3.09,0764544578,9780764544576,eng,72,10,2,12/12/2003,Cliffs Notes
34480,Le chat  son maître et ses deux maîtresses,Jun'ichirō Tanizaki,3.8,2070401677,9782070401673,fre,210,29,2,1/23/1997,Gallimard
41695,Dark Watch (Oregon Files  #3),Clive Cussler/Jack Du Brul,4.1,0425205592,9780425205594,eng,357,5956,185,10/31/2005,Berkley
13856,Witches Abroad (Discworld  #12),Terry Pratchett,4.22,055215296X,9780552152969,en-GB,368,346,31,8/1/2005,Corgi
28158,A Picture Book of Thomas Jefferson (Picture Book Biographies) (Picture Book Biography),David A. Adler/John Wallner/Alexandra Wallner,3.75,0823408817,9780823408818,en-US,32,14,4,3/1/1991,Holiday House
13237,Dreaming in Pictures: The Photography,Lewis Carroll/Douglas R. Nickel,4.01,0300091699,9780300091694,eng,172,104,6,8/11/2002,Yale University Press